PID,PID_State
5001,DO
5002,DO
5003,P
5004,P
5005,P
5006,DO
5007,DO
5008,P
5009,P
5010,DO
5011,DO
5012,P
5013,DO
5014,DO
5015,P
5016,DO
5017,P
5018,P
5019,DO
5020,P
5021,P
5022,DO
5023,P
5024,P
5025,P
5026,DO
5027,P
5028,P
5029,DO
5030,P
5031,P
5032,DO
5033,DO
5034,DO
5035,P
5036,P
5037,DO
5038,DO
5039,DO
5040,P
5041,P
5042,DO
5043,DO
5044,P
5045,P
5046,P
5047,DO
5048,DO
5049,P
5050,DO
5051,P
5052,DO
5053,P
5054,DO
5055,P
5056,DO
5057,DO
5058,DO
5059,DO
5060,DO
5061,DO
5062,DO
5063,P
5064,DO
5065,P
5066,DO
5067,P
5068,DO
5069,P
5070,DO
5071,DO
5072,P
5073,DO
5074,DO
5075,P
5076,DO
5077,DO
5078,P
5079,P
5080,P
5081,DO
5082,DO
5083,P
5084,P
5085,P
5086,DO
5087,DO
5088,DO
5089,P
5090,P
5091,P
5092,DO
5093,DO
5094,P
5095,DO
5096,DO
5097,DO
5098,DO
5099,P
5100,DO
5101,DO
5102,DO
5103,DO
5104,P
5105,DO
5106,DO
5107,DO
5108,P
5109,DO
5110,DO
5111,DO
5112,DO
5113,DO
5114,DO
5115,DO
5116,DO
5117,DO
5118,P
5119,DO
5120,P
5121,P
5122,DO
5123,DO
5124,P
5125,P
5126,P
5127,DO
5128,DO
5129,DO
5130,DO
5131,P
5132,DO
5133,P
5134,P
5135,DO
5136,DO
5137,DO
5138,DO
5139,P
5140,DO
5141,DO
5142,P
5143,DO
5144,DO
5145,DO
5146,DO
5147,P
5148,DO
5149,DO
5150,DO
5151,DO
5152,P
5153,DO
5154,DO
5155,P
5156,DO
5157,P
5158,P
5159,DO
5160,DO
5161,DO
5162,DO
5163,DO
5164,DO
5165,DO
5166,P
5167,P
5168,DO
5169,DO
5170,DO
5171,DO
5172,DO
5173,P
5174,P
5175,DO
5176,P
5177,P
5178,DO
5179,P
5180,DO
5181,P
5182,DO
5183,P
5184,P
5185,P
5186,DO
5187,DO
5188,DO
5189,DO
5190,P
5191,P
5192,P
5193,DO
5194,P
5195,P
5196,DO
5197,DO
5198,P
5199,P
5200,DO
5201,P
5202,DO
5203,DO
5204,P
5205,P
5206,DO
5207,P
5208,DO
5209,DO
5210,P
5211,DO
5212,DO
5213,DO
5214,DO
5215,P
5216,P
5217,DO
5218,DO
5219,DO
5220,P
5221,P
5222,DO
5223,DO
5224,DO
5225,DO
5226,P
5227,DO
5228,P
5229,DO
5230,DO
5231,P
5232,DO
5233,P
5234,P
5235,DO
5236,P
5237,DO
5238,DO
5239,P
5240,P
5241,DO
5242,DO
5243,P
5244,DO
5245,DO
5246,P
5247,DO
5248,P
5249,DO
5250,P
5251,DO
5252,P
5253,P
5254,P
5255,P
5256,P
5257,DO
5258,P
5259,P
5260,P
5261,DO
5262,DO
5263,DO
5264,DO
5265,DO
5266,P
5267,P
5268,DO
5269,P
5270,P
5271,DO
5272,DO
5273,DO
5274,DO
5275,P
5276,P
5277,DO
5278,P
5279,P
5280,DO
5281,P
5282,P
5283,DO
5284,DO
5285,DO
5286,DO
5287,DO
5288,P
5289,P
5290,P
5291,DO
5292,DO
5293,P
5294,P
5295,DO
5296,DO
5297,P
5298,P
5299,P
5300,P
5301,DO
5302,P
5303,DO
5304,DO
5305,DO
5306,P
5307,DO
5308,DO
5309,DO
5310,P
5311,P
5312,P
5313,DO
5314,P
5315,DO
5316,DO
5317,DO
5318,DO
5319,DO
5320,DO
5321,P
5322,DO
5323,P
5324,DO
5325,P
5326,P
5327,P
5328,DO
5329,DO
5330,DO
5331,DO
5332,P
5333,P
5334,DO
5335,P
5336,DO
5337,DO
5338,P
5339,P
5340,P
5341,DO
5342,P
5343,P
5344,DO
5345,DO
5346,P
5347,DO
5348,DO
5349,DO
5350,P
5351,DO
5352,P
5353,DO
5354,DO
5355,DO
5356,P
5357,DO
5358,P
5359,P
5360,DO
5361,DO
5362,DO
5363,P
5364,DO
5365,P
5366,DO
5367,DO
5368,DO
5369,P
5370,P
5371,DO
5372,DO
5373,DO
5374,P
5375,DO
5376,P
5377,DO
5378,DO
5379,DO
5380,DO
5381,P
5382,P
5383,DO
5384,DO
5385,P
5386,P
5387,DO
5388,DO
5389,P
5390,P
5391,P
5392,DO
5393,DO
5394,P
5395,P
5396,P
5397,DO
5398,DO
5399,P
5400,P
5401,P
5402,DO
5403,DO
5404,DO
5405,P
5406,P
5407,P
5408,DO
5409,DO
5410,P
5411,DO
5412,P
5413,DO
5414,DO
5415,P
5416,P
5417,DO
5418,P
5419,DO
5420,DO
5421,P
5422,DO
5423,P
5424,P
5425,DO
5426,P
5427,P
5428,DO
5429,P
5430,P
5431,P
5432,DO
5433,DO
5434,DO
5435,DO
5436,DO
5437,DO
5438,DO
5439,P
5440,P
5441,DO
5442,DO
5443,DO
5444,DO
5445,P
5446,DO
5447,DO
5448,DO
5449,P
5450,DO
5451,DO
5452,DO
5453,DO
5454,P
5455,DO
5456,DO
5457,DO
5458,DO
5459,DO
5460,DO
5461,P
5462,DO
5463,P
5464,P
5465,DO
5466,DO
5467,DO
5468,P
5469,DO
5470,DO
5471,P
5472,P
5473,P
5474,P
5475,P
5476,DO
5477,DO
5478,DO
5479,DO
5480,P
5481,P
5482,P
5483,P
5484,DO
5485,DO
5486,P
5487,DO
5488,DO
5489,P
5490,DO
5491,DO
5492,DO
5493,P
5494,DO
5495,DO
5496,P
5497,P
5498,DO
5499,P
5500,P
5501,P
5502,P
5503,DO
5504,P
5505,DO
5506,DO
5507,DO
5508,P
5509,P
5510,DO
5511,DO
5512,DO
5513,P
5514,P
5515,DO
5516,P
5517,DO
5518,DO
5519,P
5520,DO
5521,DO
5522,DO
5523,P
5524,P
5525,P
5526,P
5527,DO
5528,P
5529,DO
5530,P
5531,DO
5532,DO
5533,P
5534,P
5535,DO
5536,DO
5537,DO
5538,P
5539,P
5540,DO
5541,DO
5542,DO
5543,DO
5544,DO
5545,P
5546,P
5547,P
5548,DO
5549,P
5550,DO
5551,DO
5552,DO
5553,P
5554,DO
5555,P
5556,P
5557,DO
5558,DO
5559,DO
5560,P
5561,P
5562,P
5563,DO
5564,DO
5565,DO
5566,DO
5567,DO
5568,DO
5569,DO
5570,P
5571,P
5572,P
5573,P
5574,DO
5575,DO
5576,P
5577,DO
5578,DO
5579,P
5580,P
5581,P
5582,P
5583,DO
5584,P
5585,DO
5586,DO
5587,P
5588,DO
5589,DO
5590,DO
5591,DO
5592,P
5593,DO
5594,P
5595,P
5596,DO
5597,DO
5598,DO
5599,DO
5600,P
5601,P
5602,P
5603,DO
5604,P
5605,DO
5606,DO
5607,P
5608,P
5609,P
5610,P
5611,P
5612,DO
5613,P
5614,DO
5615,P
5616,DO
5617,P
5618,P
5619,P
5620,P
5621,DO
5622,DO
5623,DO
5624,DO
5625,P
5626,DO
5627,P
5628,P
5629,DO
5630,P
5631,DO
5632,DO
5633,DO
5634,P
5635,P
5636,P
5637,P
5638,DO
5639,DO
5640,P
5641,P
5642,P
5643,P
5644,DO
5645,DO
5646,P
5647,P
5648,P
5649,P
5650,DO
5651,P
5652,P
5653,P
5654,P
5655,DO
5656,DO
5657,DO
5658,P
5659,DO
5660,DO
5661,DO
5662,DO
5663,P
5664,DO
5665,DO
5666,P
5667,DO
5668,DO
5669,P
5670,P
5671,P
5672,P
5673,DO
5674,DO
5675,DO
5676,DO
5677,P
5678,P
5679,DO
5680,P
5681,DO
5682,DO
5683,P
5684,DO
5685,DO
5686,P
5687,P
5688,DO
5689,DO
5690,DO
5691,P
5692,P
5693,DO
5694,DO
5695,DO
5696,P
5697,DO
5698,P
5699,P
5700,DO
5701,DO
5702,P
5703,DO
5704,DO
5705,DO
5706,DO
5707,P
5708,P
5709,P
5710,DO
5711,P
5712,DO
5713,P
5714,P
5715,P
5716,DO
5717,P
5718,P
5719,DO
5720,P
5721,P
5722,DO
5723,DO
5724,DO
5725,P
5726,DO
5727,P
5728,P
5729,DO
5730,DO
5731,P
5732,DO
5733,P
5734,P
5735,P
5736,DO
5737,DO
5738,P
5739,DO
5740,DO
5741,DO
5742,DO
5743,P
5744,DO
5745,DO
5746,DO
5747,DO
5748,P
5749,P
5750,P
5751,DO
5752,DO
5753,DO
5754,P
5755,P
5756,DO
5757,P
5758,P
5759,DO
5760,P
5761,DO
5762,P
5763,DO
5764,DO
5765,DO
5766,DO
5767,P
5768,DO
5769,P
5770,DO
5771,DO
5772,DO
5773,DO
5774,DO
5775,DO
5776,DO
5777,P
5778,P
5779,DO
5780,P
5781,P
5782,P
5783,P
5784,DO
5785,DO
5786,P
5787,P
5788,DO
5789,P
5790,P
5791,DO
5792,DO
5793,P
5794,P
5795,DO
5796,P
5797,P
5798,P
5799,DO
5800,DO
5801,DO
5802,DO
5803,P
5804,P
5805,DO
5806,DO
5807,P
5808,DO
5809,DO
5810,P
5811,DO
5812,P
5813,P
5814,DO
5815,P
5816,DO
5817,P
5818,P
5819,DO
5820,P
5821,P
5822,DO
5823,DO
5824,P
5825,DO
5826,DO
5827,P
5828,DO
5829,DO
5830,P
5831,P
5832,P
5833,P
5834,P
5835,P
5836,DO
5837,DO
5838,P
5839,DO
5840,DO
5841,DO
5842,DO
5843,DO
5844,DO
5845,P
5846,DO
5847,P
5848,DO
5849,DO
5850,P
5851,DO
5852,DO
5853,P
5854,DO
5855,DO
5856,DO
5857,P
5858,P
5859,DO
5860,DO
5861,DO
5862,DO
5863,P
5864,P
5865,P
5866,DO
5867,P
5868,P
5869,P
5870,DO
5871,P
5872,P
5873,DO
5874,DO
5875,DO
5876,P
5877,P
5878,P
5879,P
5880,DO
5881,DO
5882,DO
5883,P
5884,DO
5885,DO
5886,P
5887,P
5888,P
5889,DO
5890,DO
5891,P
5892,P
5893,DO
5894,DO
5895,DO
5896,DO
5897,DO
5898,P
5899,DO
5900,DO
5901,DO
5902,P
5903,DO
5904,P
5905,DO
5906,P
5907,DO
5908,DO
5909,DO
5910,DO
5911,DO
5912,P
5913,DO
5914,P
5915,P
5916,DO
5917,DO
5918,P
5919,P
5920,DO
5921,P
5922,P
5923,DO
5924,DO
5925,DO
5926,P
5927,P
5928,P
5929,P
5930,P
5931,P
5932,P
5933,P
5934,P
5935,P
5936,DO
5937,P
5938,DO
5939,DO
5940,DO
5941,P
5942,DO
5943,DO
5944,DO
5945,DO
5946,P
5947,DO
5948,P
5949,DO
5950,P
5951,DO
5952,P
5953,P
5954,DO
5955,P
5956,DO
5957,P
5958,DO
5959,DO
5960,DO
5961,DO
5962,DO
5963,P
5964,DO
5965,P
5966,DO
5967,DO
5968,P
5969,P
5970,DO
5971,DO
5972,P
5973,DO
5974,DO
5975,DO
5976,DO
5977,DO
5978,P
5979,DO
5980,P
5981,P
5982,P
5983,P
5984,DO
5985,DO
5986,P
5987,P
5988,DO
5989,DO
5990,P
5991,DO
5992,P
5993,DO
5994,DO
5995,P
5996,DO
5997,DO
5998,P
5999,DO
6000,P
6001,DO
6002,P
6003,P
6004,P
6005,DO
6006,P
6007,P
6008,P
6009,P
6010,P
6011,DO
6012,DO
6013,DO
6014,DO
6015,P
6016,DO
6017,P
6018,DO
6019,DO
6020,DO
6021,P
6022,P
6023,DO
6024,P
6025,DO
6026,DO
6027,P
6028,P
6029,DO
6030,P
6031,DO
6032,DO
6033,P
6034,DO
6035,DO
6036,P
6037,DO
6038,DO
6039,P
6040,P
6041,DO
6042,DO
6043,DO
6044,P
6045,P
6046,DO
6047,DO
6048,DO
6049,P
6050,P
6051,P
6052,P
6053,P
6054,DO
6055,DO
6056,DO
6057,P
6058,P
6059,P
6060,DO
6061,P
6062,DO
6063,P
6064,DO
6065,DO
6066,DO
6067,P
6068,DO
6069,DO
6070,DO
6071,P
6072,P
6073,DO
6074,DO
6075,DO
6076,DO
6077,P
6078,DO
6079,P
6080,DO
6081,P
6082,DO
6083,P
6084,P
6085,P
6086,DO
6087,DO
6088,DO
6089,P
6090,DO
6091,DO
6092,DO
6093,DO
6094,P
6095,DO
6096,P
6097,P
6098,DO
6099,DO
6100,P
6101,DO
6102,DO
6103,DO
6104,DO
6105,DO
6106,DO
6107,DO
6108,DO
6109,P
6110,P
6111,DO
6112,DO
6113,P
6114,P
6115,DO
6116,DO
6117,DO
6118,DO
6119,DO
6120,DO
6121,DO
6122,DO
6123,P
6124,P
6125,DO
6126,P
6127,P
6128,DO
6129,DO
6130,DO
6131,DO
6132,P
6133,DO
6134,P
6135,DO
6136,P
6137,DO
6138,P
6139,DO
6140,DO
6141,P
6142,P
6143,DO
6144,DO
6145,P
6146,DO
6147,DO
6148,P
6149,DO
6150,P
6151,DO
6152,DO
6153,DO
6154,DO
6155,DO
6156,P
6157,P
6158,DO
6159,DO
6160,P
6161,DO
6162,P
6163,P
6164,P
6165,DO
6166,P
6167,DO
6168,P
6169,DO
6170,DO
6171,P
6172,DO
6173,DO
6174,P
6175,P
6176,DO
6177,P
6178,P
6179,P
6180,P
6181,P
6182,DO
6183,DO
6184,DO
6185,P
6186,DO
6187,DO
6188,DO
6189,P
6190,P
6191,DO
6192,DO
6193,DO
6194,DO
6195,P
6196,DO
6197,DO
6198,DO
6199,DO
6200,P
6201,P
6202,DO
6203,DO
6204,DO
6205,DO
6206,DO
6207,DO
6208,P
6209,P
6210,P
6211,DO
6212,P
6213,DO
6214,P
6215,DO
6216,P
6217,P
6218,DO
6219,DO
6220,DO
6221,P
6222,P
6223,P
6224,DO
6225,P
6226,DO
6227,DO
6228,DO
6229,DO
6230,DO
6231,P
6232,DO
6233,DO
6234,DO
6235,P
6236,DO
6237,DO
6238,P
6239,P
6240,DO
6241,DO
6242,P
6243,P
6244,DO
6245,DO
6246,P
6247,P
6248,DO
6249,DO
6250,P
6251,DO
6252,P
6253,P
6254,DO
6255,P
6256,DO
6257,P
6258,P
6259,DO
6260,DO
6261,P
6262,DO
6263,P
6264,DO
6265,DO
6266,DO
6267,DO
6268,DO
6269,DO
6270,P
6271,DO
6272,P
6273,P
6274,DO
6275,DO
6276,P
6277,P
6278,P
6279,DO
6280,DO
6281,P
6282,DO
6283,DO
6284,P
6285,P
6286,P
6287,DO
6288,DO
6289,P
6290,P
6291,DO
6292,DO
6293,DO
6294,P
6295,P
6296,P
6297,P
6298,P
6299,DO
6300,DO
6301,DO
6302,P
6303,DO
6304,P
6305,P
6306,DO
6307,P
6308,DO
6309,DO
6310,P
6311,DO
6312,P
6313,DO
6314,DO
6315,P
6316,DO
6317,DO
6318,P
6319,DO
6320,P
6321,P
6322,DO
6323,P
6324,P
6325,P
6326,DO
6327,P
6328,P
6329,P
6330,DO
6331,DO
6332,P
6333,P
6334,DO
6335,DO
6336,P
6337,DO
6338,P
6339,DO
6340,DO
6341,DO
6342,P
6343,P
6344,P
6345,P
6346,P
6347,DO
6348,P
6349,DO
6350,P
6351,P
6352,DO
6353,DO
6354,P
6355,DO
6356,DO
6357,P
6358,DO
6359,DO
6360,P
6361,DO
6362,DO
6363,DO
6364,P
6365,DO
6366,P
6367,DO
6368,DO
6369,P
6370,DO
6371,P
6372,P
6373,DO
6374,DO
6375,P
6376,P
6377,DO
6378,P
6379,P
6380,P
6381,P
6382,DO
6383,P
6384,DO
6385,DO
6386,P
6387,DO
6388,DO
6389,DO
6390,P
6391,DO
6392,P
6393,DO
6394,DO
6395,P
6396,DO
6397,DO
6398,P
6399,DO
6400,P
6401,DO
6402,DO
6403,DO
6404,P
6405,DO
6406,P
6407,P
6408,DO
6409,P
6410,P
6411,DO
6412,DO
6413,P
6414,DO
6415,DO
6416,P
6417,P
6418,P
6419,DO
6420,P
6421,P
6422,DO
6423,P
6424,DO
6425,P
6426,DO
6427,P
6428,DO
6429,P
6430,P
6431,DO
6432,P
6433,DO
6434,P
6435,DO
6436,DO
6437,P
6438,DO
6439,P
6440,P
6441,P
6442,DO
6443,P
6444,DO
6445,P
6446,P
6447,P
6448,P
6449,DO
6450,DO
6451,P
6452,DO
6453,P
6454,DO
6455,P
6456,DO
6457,P
6458,P
6459,P
6460,DO
6461,DO
6462,P
6463,DO
6464,DO
6465,DO
6466,P
6467,DO
6468,DO
6469,P
6470,DO
6471,DO
6472,DO
6473,P
6474,DO
6475,P
6476,P
6477,P
6478,P
6479,P
6480,DO
6481,P
6482,P
6483,DO
6484,P
6485,DO
6486,DO
6487,DO
6488,P
6489,P
6490,DO
6491,P
6492,DO
6493,P
6494,P
6495,DO
6496,DO
6497,DO
6498,P
6499,DO
6500,P
6501,DO
6502,DO
6503,P
6504,DO
6505,DO
6506,P
6507,DO
6508,P
6509,P
6510,P
6511,DO
6512,DO
6513,DO
6514,P
6515,DO
6516,DO
6517,DO
6518,DO
6519,DO
6520,P
6521,DO
6522,DO
6523,DO
6524,DO
6525,DO
6526,P
6527,P
6528,P
6529,P
6530,P
6531,P
6532,DO
6533,DO
6534,DO
6535,DO
6536,DO
6537,P
6538,DO
6539,DO
6540,P
6541,DO
6542,DO
6543,DO
6544,DO
6545,P
6546,P
6547,DO
6548,DO
6549,DO
6550,P
6551,DO
6552,DO
6553,DO
6554,P
6555,DO
6556,P
6557,DO
6558,DO
6559,P
6560,DO
6561,P
6562,P
6563,P
6564,P
6565,P
6566,P
6567,DO
6568,DO
6569,DO
6570,DO
6571,DO
6572,DO
6573,DO
6574,DO
6575,DO
6576,P
6577,P
6578,P
6579,P
6580,P
6581,DO
6582,P
6583,DO
6584,DO
6585,P
6586,DO
6587,P
6588,P
6589,P
6590,DO
6591,DO
6592,DO
6593,DO
6594,P
6595,P
6596,DO
6597,DO
6598,P
6599,DO
6600,DO
6601,DO
6602,P
6603,P
6604,DO
6605,DO
6606,P
6607,P
6608,DO
6609,P
6610,DO
6611,DO
6612,P
6613,P
6614,DO
6615,DO
6616,P
6617,DO
6618,P
6619,P
6620,DO
6621,P
6622,DO
6623,DO
6624,DO
6625,DO
6626,P
6627,DO
6628,DO
6629,DO
6630,DO
6631,DO
6632,P
6633,DO
6634,DO
6635,DO
6636,P
6637,DO
6638,DO
6639,DO
6640,P
6641,P
6642,DO
6643,DO
6644,DO
6645,DO
6646,P
6647,P
6648,DO
6649,DO
6650,P
6651,P
6652,P
6653,DO
6654,DO
6655,DO
6656,P
6657,DO
6658,P
6659,DO
6660,DO
6661,DO
6662,P
6663,P
6664,P
6665,P
6666,DO
6667,DO
6668,P
6669,DO
6670,DO
6671,DO
6672,P
6673,DO
6674,P
6675,P
6676,P
6677,P
6678,DO
6679,P
6680,DO
6681,P
6682,P
6683,P
6684,P
6685,P
6686,DO
6687,DO
6688,P
6689,DO
6690,DO
6691,DO
6692,P
6693,DO
6694,P
6695,DO
6696,P
6697,DO
6698,P
6699,P
6700,DO
6701,P
6702,DO
6703,DO
6704,DO
6705,P
6706,P
6707,P
6708,P
6709,P
6710,P
6711,DO
6712,P
6713,DO
6714,DO
6715,DO
6716,DO
6717,P
6718,DO
6719,P
6720,DO
6721,P
6722,P
6723,DO
6724,DO
6725,DO
6726,P
6727,DO
6728,P
6729,DO
6730,DO
6731,DO
6732,P
6733,P
6734,P
6735,P
6736,P
6737,P
6738,P
6739,DO
6740,DO
6741,P
6742,P
6743,P
6744,P
6745,DO
6746,P
6747,DO
6748,DO
6749,P
6750,DO
6751,P
6752,DO
6753,DO
6754,DO
6755,P
6756,DO
6757,P
6758,DO
6759,P
6760,P
6761,P
6762,DO
6763,DO
6764,P
6765,DO
6766,DO
6767,DO
6768,DO
6769,P
6770,DO
6771,DO
6772,P
6773,P
6774,DO
6775,DO
6776,P
6777,P
6778,DO
6779,P
6780,P
6781,P
6782,DO
6783,P
6784,DO
6785,P
6786,DO
6787,DO
6788,DO
6789,P
6790,P
6791,P
6792,DO
6793,P
6794,P
6795,DO
6796,P
6797,DO
6798,DO
6799,DO
6800,DO
6801,DO
6802,DO
6803,P
6804,DO
6805,P
6806,P
6807,DO
6808,DO
6809,P
6810,P
6811,P
6812,DO
6813,P
6814,DO
6815,DO
6816,P
6817,P
6818,DO
6819,DO
6820,DO
6821,P
6822,DO
6823,P
6824,DO
6825,DO
6826,P
6827,P
6828,DO
6829,P
6830,P
6831,DO
6832,DO
6833,DO
6834,P
6835,DO
6836,DO
6837,DO
6838,DO
6839,DO
6840,P
6841,DO
6842,DO
6843,P
6844,P
6845,P
6846,DO
6847,DO
6848,DO
6849,P
6850,DO
6851,DO
6852,P
6853,P
6854,P
6855,P
6856,DO
6857,DO
6858,P
6859,DO
6860,P
6861,DO
6862,P
6863,DO
6864,P
6865,DO
6866,P
6867,DO
6868,P
6869,DO
6870,DO
6871,P
6872,P
6873,DO
6874,P
6875,P
6876,DO
6877,DO
6878,DO
6879,DO
6880,P
6881,DO
6882,DO
6883,P
6884,P
6885,DO
6886,DO
6887,P
6888,P
6889,P
6890,DO
6891,DO
6892,DO
6893,P
6894,P
6895,DO
6896,P
6897,DO
6898,DO
6899,DO
6900,P
6901,P
6902,DO
6903,P
6904,DO
6905,P
6906,P
6907,DO
6908,P
6909,P
6910,DO
6911,DO
6912,DO
6913,P
6914,DO
6915,P
6916,P
6917,DO
6918,DO
6919,DO
6920,DO
6921,P
6922,DO
6923,DO
6924,DO
6925,DO
6926,DO
6927,DO
6928,P
6929,P
6930,DO
6931,DO
6932,P
6933,P
6934,P
6935,P
6936,P
6937,DO
6938,DO
6939,DO
6940,P
6941,P
6942,DO
6943,P
6944,P
6945,DO
6946,P
6947,P
6948,P
6949,P
6950,P
6951,P
6952,P
6953,DO
6954,DO
6955,DO
6956,DO
6957,P
6958,P
6959,DO
6960,P
6961,DO
6962,DO
6963,P
6964,P
6965,DO
6966,P
6967,DO
6968,P
6969,DO
6970,DO
6971,P
6972,DO
6973,DO
6974,P
6975,DO
6976,P
6977,DO
6978,DO
6979,DO
6980,P
6981,DO
6982,P
6983,DO
6984,DO
6985,P
6986,DO
6987,P
6988,DO
6989,P
6990,P
6991,DO
6992,DO
6993,DO
6994,P
6995,DO
6996,DO
6997,DO
6998,P
6999,P
7000,DO
7001,P
7002,P
7003,DO
7004,DO
7005,P
7006,DO
7007,DO
7008,DO
7009,DO
7010,P
7011,P
7012,P
7013,P
7014,DO
7015,DO
7016,DO
7017,DO
7018,DO
7019,DO
7020,P
7021,P
7022,P
7023,P
7024,P
7025,DO
7026,DO
7027,P
7028,P
7029,DO
7030,P
7031,P
7032,P
7033,DO
7034,DO
7035,P
7036,DO
7037,DO
7038,P
7039,DO
7040,P
7041,DO
7042,P
7043,DO
7044,DO
7045,P
7046,P
7047,DO
7048,P
7049,P
7050,P
7051,DO
7052,DO
7053,P
7054,P
7055,DO
7056,P
7057,DO
7058,DO
7059,DO
7060,P
7061,P
7062,DO
7063,P
7064,DO
7065,P
7066,DO
7067,P
7068,DO
7069,P
7070,P
7071,P
7072,DO
7073,P
7074,P
7075,DO
7076,P
7077,P
7078,DO
7079,DO
7080,DO
7081,P
7082,P
7083,P
7084,DO
7085,P
7086,DO
7087,P
7088,P
7089,P
7090,DO
7091,P
7092,DO
7093,P
7094,DO
7095,P
7096,DO
7097,DO
7098,P
7099,DO
7100,P
7101,P
7102,DO
7103,DO
7104,DO
7105,DO
7106,DO
7107,DO
7108,DO
7109,DO
7110,DO
7111,DO
7112,P
7113,P
7114,DO
7115,P
7116,P
7117,DO
7118,DO
7119,P
7120,DO
7121,DO
7122,DO
7123,DO
7124,P
7125,P
7126,DO
7127,P
7128,DO
7129,DO
7130,DO
7131,P
7132,DO
7133,DO
7134,DO
7135,DO
7136,P
7137,DO
7138,DO
7139,DO
7140,DO
7141,P
7142,DO
7143,P
7144,DO
7145,DO
7146,DO
7147,P
7148,DO
7149,DO
7150,P
7151,DO
7152,DO
7153,P
7154,DO
7155,P
7156,DO
7157,P
7158,P
7159,P
7160,DO
7161,DO
7162,DO
7163,DO
7164,DO
7165,P
7166,P
7167,DO
7168,DO
7169,DO
7170,DO
7171,DO
7172,DO
7173,DO
7174,P
7175,P
7176,DO
7177,P
7178,P
7179,P
7180,DO
7181,DO
7182,DO
7183,DO
7184,P
7185,P
7186,DO
7187,P
7188,DO
7189,P
7190,DO
7191,P
7192,P
7193,DO
7194,P
7195,P
7196,P
7197,DO
7198,DO
7199,P
7200,DO
7201,P
7202,DO
7203,P
7204,DO
7205,DO
7206,P
7207,P
7208,P
7209,P
7210,DO
7211,DO
7212,DO
7213,DO
7214,DO
7215,DO
7216,P
7217,P
7218,P
7219,DO
7220,P
7221,P
7222,P
7223,DO
7224,DO
7225,P
7226,DO
7227,DO
7228,DO
7229,P
7230,P
7231,P
7232,P
7233,P
7234,P
7235,DO
7236,DO
7237,DO
7238,DO
7239,P
7240,DO
7241,P
7242,DO
7243,P
7244,DO
7245,DO
7246,DO
7247,P
7248,P
7249,P
7250,P
7251,P
7252,P
7253,DO
7254,P
7255,P
7256,DO
7257,DO
7258,DO
7259,P
7260,P
7261,DO
7262,DO
7263,DO
7264,DO
7265,DO
7266,DO
7267,P
7268,DO
7269,P
7270,P
7271,P
7272,DO
7273,P
7274,DO
7275,P
7276,P
7277,DO
7278,DO
7279,DO
7280,DO
7281,P
7282,DO
7283,P
7284,DO
7285,P
7286,DO
7287,P
7288,P
7289,DO
7290,P
7291,DO
7292,P
7293,P
7294,P
7295,DO
7296,P
7297,P
7298,P
7299,P
7300,DO
7301,DO
7302,DO
7303,P
7304,DO
7305,DO
7306,P
7307,DO
7308,DO
7309,DO
7310,DO
7311,DO
7312,DO
7313,DO
7314,P
7315,P
7316,P
7317,DO
7318,DO
7319,P
7320,DO
7321,DO
7322,DO
7323,DO
7324,P
7325,DO
7326,P
7327,P
7328,DO
7329,DO
7330,DO
7331,P
7332,P
7333,DO
7334,DO
7335,P
7336,P
7337,DO
7338,DO
7339,DO
7340,P
7341,DO
7342,DO
7343,P
7344,P
7345,P
7346,P
7347,DO
7348,DO
7349,DO
7350,P
7351,DO
7352,P
7353,DO
7354,P
7355,DO
7356,DO
7357,DO
7358,P
7359,P
7360,P
7361,DO
7362,DO
7363,P
7364,DO
7365,P
7366,DO
7367,DO
7368,DO
7369,DO
7370,DO
7371,P
7372,P
7373,DO
7374,DO
7375,P
7376,DO
7377,P
7378,DO
7379,DO
7380,P
7381,P
7382,P
7383,DO
7384,DO
7385,DO
7386,DO
7387,P
7388,DO
7389,P
7390,P
7391,P
7392,P
7393,P
7394,P
7395,P
7396,P
7397,DO
7398,DO
7399,P
7400,P
7401,DO
7402,DO
7403,P
7404,P
7405,DO
7406,P
7407,P
7408,DO
7409,DO
7410,P
7411,P
7412,DO
7413,P
7414,DO
7415,P
7416,DO
7417,P
7418,DO
7419,DO
7420,DO
7421,DO
7422,P
7423,P
7424,DO
7425,P
7426,P
7427,P
7428,DO
7429,P
7430,P
7431,DO
7432,P
7433,DO
7434,DO
7435,DO
7436,P
7437,DO
7438,P
7439,P
7440,DO
7441,DO
7442,P
7443,DO
7444,DO
7445,DO
7446,DO
7447,DO
7448,P
7449,P
7450,DO
7451,P
7452,P
7453,P
7454,P
7455,DO
7456,P
7457,P
7458,DO
7459,DO
7460,P
7461,P
7462,P
7463,DO
7464,DO
7465,P
7466,DO
7467,DO
7468,P
7469,DO
7470,P
7471,P
7472,P
7473,DO
7474,DO
7475,DO
7476,DO
7477,DO
7478,P
7479,P
7480,P
7481,P
7482,DO
7483,P
7484,P
7485,DO
7486,DO
7487,P
7488,DO
7489,P
7490,DO
7491,P
7492,P
7493,P
7494,P
7495,P
7496,P
7497,P
7498,P
7499,DO
7500,DO
7501,DO
7502,DO
7503,DO
7504,DO
7505,DO
7506,P
7507,DO
7508,DO
7509,P
7510,DO
7511,DO
7512,DO
7513,P
7514,DO
7515,P
7516,P
7517,DO
7518,DO
7519,P
7520,P
7521,DO
7522,DO
7523,DO
7524,DO
7525,DO
7526,DO
7527,DO
7528,P
7529,P
7530,DO
7531,P
7532,P
7533,DO
7534,DO
7535,P
7536,DO
7537,DO
7538,P
7539,P
7540,P
7541,P
7542,DO
7543,P
7544,DO
7545,P
7546,DO
7547,DO
7548,DO
7549,P
7550,DO
7551,DO
7552,P
7553,DO
7554,P
7555,P
7556,P
7557,P
7558,DO
7559,DO
7560,P
7561,DO
7562,P
7563,P
7564,DO
7565,DO
7566,DO
7567,DO
7568,P
7569,DO
7570,DO
7571,DO
7572,DO
7573,P
7574,P
7575,DO
7576,P
7577,DO
7578,DO
7579,P
7580,P
7581,DO
7582,P
7583,DO
7584,DO
7585,DO
7586,P
7587,DO
7588,DO
7589,P
7590,DO
7591,DO
7592,P
7593,P
7594,P
7595,DO
7596,P
7597,DO
7598,P
7599,P
7600,DO
7601,P
7602,DO
7603,P
7604,DO
7605,DO
7606,P
7607,P
7608,DO
7609,DO
7610,P
7611,DO
7612,P
7613,DO
7614,P
7615,P
7616,P
7617,DO
7618,P
7619,DO
7620,P
7621,P
7622,DO
7623,DO
7624,P
7625,DO
7626,DO
7627,DO
7628,DO
7629,P
7630,DO
7631,P
7632,DO
7633,DO
7634,P
7635,P
7636,P
7637,P
7638,P
7639,DO
7640,DO
7641,DO
7642,P
7643,DO
7644,P
7645,DO
7646,P
7647,DO
7648,DO
7649,P
7650,P
7651,DO
7652,DO
7653,DO
7654,DO
7655,DO
7656,DO
7657,P
7658,DO
7659,DO
7660,DO
7661,DO
7662,P
7663,DO
7664,DO
7665,P
7666,P
7667,P
7668,DO
7669,P
7670,DO
7671,P
7672,P
7673,DO
7674,P
7675,DO
7676,P
7677,DO
7678,DO
7679,P
7680,DO
7681,P
7682,P
7683,P
7684,P
7685,DO
7686,DO
7687,DO
7688,DO
7689,DO
7690,P
7691,P
7692,P
7693,DO
7694,DO
7695,DO
7696,P
7697,P
7698,DO
7699,DO
7700,DO
7701,P
7702,P
7703,DO
7704,DO
7705,DO
7706,DO
7707,DO
7708,P
7709,P
7710,P
7711,DO
7712,DO
7713,P
7714,DO
7715,DO
7716,DO
7717,DO
7718,DO
7719,DO
7720,P
7721,P
7722,DO
7723,DO
7724,P
7725,DO
7726,P
7727,DO
7728,P
7729,DO
7730,P
7731,DO
7732,P
7733,P
7734,P
7735,P
7736,P
7737,P
7738,P
7739,DO
7740,DO
7741,P
7742,DO
7743,P
7744,DO
7745,DO
7746,DO
7747,P
7748,DO
7749,DO
7750,DO
7751,P
7752,DO
7753,DO
7754,P
7755,DO
7756,DO
7757,P
7758,DO
7759,DO
7760,P
7761,P
7762,DO
7763,P
7764,DO
7765,P
7766,DO
7767,DO
7768,P
7769,DO
7770,DO
7771,DO
7772,DO
7773,P
7774,P
7775,P
7776,P
7777,P
7778,P
7779,DO
7780,DO
7781,P
7782,P
7783,DO
7784,P
7785,P
7786,DO
7787,DO
7788,DO
7789,P
7790,DO
7791,P
7792,DO
7793,P
7794,P
7795,DO
7796,P
7797,DO
7798,DO
7799,DO
7800,P
7801,DO
7802,DO
7803,DO
7804,P
7805,DO
7806,P
7807,DO
7808,P
7809,DO
7810,DO
7811,DO
7812,DO
7813,DO
7814,P
7815,DO
7816,DO
7817,P
7818,P
7819,DO
7820,DO
7821,P
7822,DO
7823,P
7824,DO
7825,P
7826,DO
7827,DO
7828,P
7829,DO
7830,P
7831,DO
7832,DO
7833,DO
7834,DO
7835,P
7836,DO
7837,P
7838,DO
7839,DO
7840,DO
7841,DO
7842,DO
7843,P
7844,DO
7845,DO
7846,DO
7847,P
7848,DO
7849,DO
7850,P
7851,P
7852,P
7853,DO
7854,DO
7855,DO
7856,DO
7857,DO
7858,P
7859,P
7860,DO
7861,P
7862,P
7863,DO
7864,P
7865,DO
7866,P
7867,DO
7868,P
7869,P
7870,DO
7871,P
7872,P
7873,P
7874,DO
7875,DO
7876,DO
7877,P
7878,DO
7879,DO
7880,P
7881,DO
7882,P
7883,DO
7884,DO
7885,DO
7886,P
7887,DO
7888,DO
7889,DO
7890,DO
7891,P
7892,DO
7893,DO
7894,P
7895,DO
7896,P
7897,DO
7898,DO
7899,DO
7900,P
7901,P
7902,P
7903,DO
7904,DO
7905,P
7906,DO
7907,DO
7908,P
7909,P
7910,P
7911,DO
7912,P
7913,P
7914,P
7915,P
7916,P
7917,DO
7918,DO
7919,P
7920,P
7921,P
7922,DO
7923,P
7924,P
7925,DO
7926,P
7927,P
7928,DO
7929,DO
7930,DO
7931,DO
7932,P
7933,DO
7934,P
7935,P
7936,P
7937,DO
7938,DO
7939,DO
7940,P
7941,DO
7942,DO
7943,DO
7944,DO
7945,P
7946,DO
7947,DO
7948,DO
7949,DO
7950,DO
7951,P
7952,DO
7953,DO
7954,DO
7955,DO
7956,P
7957,DO
7958,DO
7959,DO
7960,DO
7961,P
7962,DO
7963,DO
7964,DO
7965,P
7966,P
7967,P
7968,DO
7969,DO
7970,DO
7971,DO
7972,DO
7973,DO
7974,DO
7975,DO
7976,P
7977,DO
7978,DO
7979,DO
7980,P
7981,DO
7982,DO
7983,P
7984,DO
7985,P
7986,P
7987,DO
7988,P
7989,P
7990,DO
7991,P
7992,DO
7993,DO
7994,P
7995,P
7996,DO
7997,DO
7998,P
7999,DO
8000,DO
8001,DO
8002,P
8003,P
8004,P
8005,DO
8006,P
8007,P
8008,DO
8009,DO
8010,P
8011,DO
8012,P
8013,DO
8014,DO
8015,P
8016,DO
8017,DO
8018,DO
8019,DO
8020,DO
8021,DO
8022,P
8023,DO
8024,DO
8025,DO
8026,P
8027,P
8028,P
8029,DO
8030,P
8031,DO
8032,DO
8033,P
8034,P
8035,P
8036,P
8037,DO
8038,P
8039,P
8040,DO
8041,P
8042,P
8043,DO
8044,DO
8045,P
8046,P
8047,P
8048,DO
8049,P
8050,DO
8051,P
8052,DO
8053,P
8054,DO
8055,DO
8056,P
8057,P
8058,P
8059,DO
8060,DO
8061,DO
8062,P
8063,DO
8064,DO
8065,P
8066,P
8067,P
8068,P
8069,P
8070,P
8071,P
8072,DO
8073,DO
8074,DO
8075,DO
8076,P
8077,DO
8078,P
8079,DO
8080,DO
8081,DO
8082,P
8083,P
8084,P
8085,DO
8086,P
8087,P
8088,P
8089,DO
8090,DO
8091,P
8092,DO
8093,DO
8094,P
8095,DO
8096,P
8097,DO
8098,DO
8099,P
8100,DO
8101,P
8102,DO
8103,P
8104,P
8105,DO
8106,DO
8107,DO
8108,P
8109,DO
8110,DO
8111,DO
8112,DO
8113,DO
8114,P
8115,DO
8116,DO
8117,P
8118,P
8119,DO
8120,P
8121,P
8122,P
8123,DO
8124,DO
8125,DO
8126,DO
8127,DO
8128,DO
8129,P
8130,P
8131,P
8132,P
8133,DO
8134,P
8135,P
8136,P
8137,P
8138,DO
8139,DO
8140,DO
8141,DO
8142,P
8143,DO
8144,DO
8145,DO
8146,DO
8147,P
8148,DO
8149,DO
8150,P
8151,P
8152,P
8153,P
8154,P
8155,DO
8156,DO
8157,DO
8158,DO
8159,P
8160,DO
8161,P
8162,P
8163,DO
8164,DO
8165,DO
8166,P
8167,DO
8168,DO
8169,DO
8170,P
8171,P
8172,P
8173,P
8174,P
8175,DO
8176,P
8177,DO
8178,DO
8179,DO
8180,DO
8181,DO
8182,DO
8183,DO
8184,DO
8185,P
8186,DO
8187,DO
8188,P
8189,P
8190,DO
8191,DO
8192,P
8193,P
8194,P
8195,DO
8196,P
8197,P
8198,P
8199,DO
8200,P
8201,DO
8202,P
8203,DO
8204,DO
8205,P
8206,DO
8207,P
8208,P
8209,P
8210,DO
8211,DO
8212,DO
8213,P
8214,P
8215,P
8216,DO
8217,P
8218,P
8219,DO
8220,DO
8221,P
8222,P
8223,P
8224,DO
8225,DO
8226,DO
8227,DO
8228,P
8229,DO
8230,DO
8231,DO
8232,DO
8233,P
8234,P
8235,P
8236,P
8237,P
8238,DO
8239,P
8240,P
8241,P
8242,P
8243,DO
8244,DO
8245,P
8246,P
8247,P
8248,DO
8249,DO
8250,P
8251,DO
8252,P
8253,DO
8254,DO
8255,P
8256,P
8257,P
8258,P
8259,DO
8260,DO
8261,P
8262,P
8263,DO
8264,P
8265,DO
8266,DO
8267,P
8268,P
8269,P
8270,DO
8271,DO
8272,P
8273,DO
8274,P
8275,DO
8276,DO
8277,P
8278,DO
8279,P
8280,P
8281,DO
8282,P
8283,DO
8284,P
8285,P
8286,DO
8287,P
8288,DO
8289,P
8290,DO
8291,DO
8292,P
8293,DO
8294,DO
8295,P
8296,DO
8297,P
8298,P
8299,DO
8300,P
8301,P
8302,DO
8303,DO
8304,DO
8305,DO
8306,P
8307,DO
8308,DO
8309,DO
8310,DO
8311,P
8312,P
8313,DO
8314,P
8315,P
8316,DO
8317,DO
8318,DO
8319,DO
8320,P
8321,DO
8322,DO
8323,DO
8324,DO
8325,P
8326,P
8327,DO
8328,P
8329,DO
8330,P
8331,P
8332,P
8333,DO
8334,DO
8335,P
8336,DO
8337,P
8338,DO
8339,P
8340,DO
8341,P
8342,DO
8343,DO
8344,P
8345,DO
8346,DO
8347,DO
8348,P
8349,DO
8350,DO
8351,DO
8352,P
8353,DO
8354,P
8355,DO
8356,DO
8357,DO
8358,P
8359,P
8360,P
8361,P
8362,P
8363,DO
8364,DO
8365,DO
8366,P
8367,P
8368,DO
8369,P
8370,P
8371,P
8372,DO
8373,DO
8374,P
8375,P
8376,P
8377,P
8378,P
8379,DO
8380,P
8381,DO
8382,P
8383,DO
8384,DO
8385,DO
8386,DO
8387,DO
8388,DO
8389,P
8390,P
8391,DO
8392,DO
8393,DO
8394,P
8395,DO
8396,P
8397,P
8398,P
8399,DO
8400,P
8401,DO
8402,DO
8403,DO
8404,P
8405,P
8406,DO
8407,P
8408,DO
8409,DO
8410,P
8411,DO
8412,P
8413,DO
8414,P
8415,DO
8416,P
8417,P
8418,DO
8419,DO
8420,P
8421,DO
8422,DO
8423,P
8424,P
8425,P
8426,P
8427,DO
8428,DO
8429,DO
8430,P
8431,DO
8432,DO
8433,P
8434,DO
8435,DO
8436,P
8437,P
8438,DO
8439,P
8440,P
8441,DO
8442,DO
8443,P
8444,DO
8445,P
8446,P
8447,DO
8448,P
8449,DO
8450,P
8451,DO
8452,DO
8453,P
8454,P
8455,DO
8456,P
8457,DO
8458,DO
8459,P
8460,DO
8461,P
8462,DO
8463,DO
8464,P
8465,DO
8466,DO
8467,P
8468,P
8469,P
8470,DO
8471,DO
8472,DO
8473,P
8474,P
8475,P
8476,P
8477,P
8478,DO
8479,DO
8480,P
8481,DO
8482,DO
8483,P
8484,P
8485,P
8486,DO
8487,DO
8488,DO
8489,P
8490,DO
8491,P
8492,DO
8493,DO
8494,DO
8495,DO
8496,DO
8497,DO
8498,DO
8499,DO
8500,P
8501,DO
8502,P
8503,DO
8504,P
8505,P
8506,DO
8507,P
8508,DO
8509,DO
8510,DO
8511,DO
8512,DO
8513,DO
8514,P
8515,P
8516,P
8517,P
8518,DO
8519,P
8520,P
8521,DO
8522,P
8523,P
8524,P
8525,DO
8526,P
8527,DO
8528,P
8529,P
8530,P
8531,DO
8532,P
8533,P
8534,DO
8535,DO
8536,DO
8537,DO
8538,DO
8539,P
8540,P
8541,DO
8542,DO
8543,P
8544,P
8545,DO
8546,DO
8547,DO
8548,P
8549,DO
8550,DO
8551,DO
8552,P
8553,DO
8554,P
8555,P
8556,DO
8557,DO
8558,DO
8559,P
8560,P
8561,DO
8562,P
8563,P
8564,P
8565,P
8566,P
8567,P
8568,P
8569,DO
8570,P
8571,DO
8572,DO
8573,DO
8574,P
8575,P
8576,DO
8577,P
8578,DO
8579,DO
8580,DO
8581,DO
8582,P
8583,DO
8584,P
8585,P
8586,P
8587,P
8588,P
8589,P
8590,P
8591,P
8592,DO
8593,P
8594,DO
8595,DO
8596,DO
8597,P
8598,DO
8599,P
8600,DO
8601,DO
8602,DO
8603,DO
8604,P
8605,P
8606,DO
8607,DO
8608,P
8609,DO
8610,DO
8611,DO
8612,DO
8613,DO
8614,DO
8615,DO
8616,P
8617,DO
8618,P
8619,DO
8620,DO
8621,DO
8622,P
8623,DO
8624,P
8625,DO
8626,P
8627,DO
8628,P
8629,DO
8630,DO
8631,DO
8632,P
8633,P
8634,DO
8635,DO
8636,DO
8637,DO
8638,P
8639,P
8640,P
8641,DO
8642,P
8643,P
8644,DO
8645,DO
8646,P
8647,DO
8648,P
8649,P
8650,DO
8651,P
8652,P
8653,DO
8654,DO
8655,P
8656,P
8657,P
8658,DO
8659,DO
8660,DO
8661,DO
8662,P
8663,DO
8664,DO
8665,DO
8666,DO
8667,P
8668,DO
8669,DO
8670,P
8671,P
8672,P
8673,DO
8674,P
8675,P
8676,DO
8677,P
8678,P
8679,P
8680,P
8681,P
8682,P
8683,DO
8684,P
8685,DO
8686,DO
8687,P
8688,DO
8689,DO
8690,P
8691,P
8692,DO
8693,P
8694,DO
8695,P
8696,P
8697,P
8698,DO
8699,DO
8700,P
8701,P
8702,P
8703,P
8704,DO
8705,P
8706,DO
8707,DO
8708,DO
8709,P
8710,P
8711,DO
8712,P
8713,P
8714,DO
8715,DO
8716,DO
8717,DO
8718,DO
8719,DO
8720,DO
8721,P
8722,DO
8723,DO
8724,P
8725,P
8726,P
8727,DO
8728,DO
8729,P
8730,DO
8731,P
8732,P
8733,P
8734,P
8735,DO
8736,P
8737,DO
8738,P
8739,DO
8740,P
8741,DO
8742,DO
8743,P
8744,DO
8745,DO
8746,DO
8747,DO
8748,DO
8749,DO
8750,P
8751,DO
8752,P
8753,P
8754,DO
8755,DO
8756,P
8757,DO
8758,DO
8759,DO
8760,P
8761,P
8762,P
8763,DO
8764,P
8765,P
8766,P
8767,DO
8768,DO
8769,P
8770,DO
8771,DO
8772,P
8773,P
8774,DO
8775,DO
8776,P
8777,P
8778,P
8779,P
8780,P
8781,DO
8782,DO
8783,DO
8784,P
8785,DO
8786,P
8787,DO
8788,P
8789,DO
8790,P
8791,DO
8792,DO
8793,DO
8794,P
8795,P
8796,DO
8797,P
8798,DO
8799,P
8800,P
8801,P
8802,DO
8803,P
8804,DO
8805,DO
8806,DO
8807,DO
8808,DO
8809,P
8810,DO
8811,P
8812,P
8813,P
8814,DO
8815,DO
8816,DO
8817,DO
8818,DO
8819,P
8820,DO
8821,DO
8822,DO
8823,DO
8824,DO
8825,DO
8826,DO
8827,DO
8828,P
8829,P
8830,DO
8831,DO
8832,P
8833,DO
8834,DO
8835,DO
8836,DO
8837,P
8838,DO
8839,P
8840,P
8841,P
8842,P
8843,DO
8844,DO
8845,P
8846,DO
8847,P
8848,P
8849,DO
8850,DO
8851,P
8852,DO
8853,P
8854,DO
8855,P
8856,DO
8857,P
8858,DO
8859,P
8860,P
8861,DO
8862,DO
8863,P
8864,P
8865,DO
8866,DO
8867,DO
8868,P
8869,DO
8870,P
8871,DO
8872,P
8873,DO
8874,P
8875,DO
8876,DO
8877,DO
8878,DO
8879,DO
8880,P
8881,P
8882,P
8883,P
8884,DO
8885,P
8886,DO
8887,DO
8888,DO
8889,P
8890,P
8891,P
8892,DO
8893,P
8894,DO
8895,DO
8896,P
8897,P
8898,P
8899,DO
8900,DO
8901,DO
8902,DO
8903,P
8904,DO
8905,P
8906,DO
8907,P
8908,DO
8909,P
8910,P
8911,DO
8912,DO
8913,P
8914,P
8915,DO
8916,DO
8917,P
8918,P
8919,DO
8920,DO
8921,P
8922,DO
8923,DO
8924,DO
8925,P
8926,DO
8927,DO
8928,DO
8929,DO
8930,DO
8931,DO
8932,P
8933,DO
8934,DO
8935,P
8936,DO
8937,DO
8938,DO
8939,DO
8940,DO
8941,P
8942,DO
8943,DO
8944,DO
8945,DO
8946,P
8947,DO
8948,P
8949,DO
8950,DO
8951,P
8952,P
8953,P
8954,DO
8955,P
8956,DO
8957,P
8958,DO
8959,DO
8960,P
8961,DO
8962,DO
8963,DO
8964,DO
8965,DO
8966,P
8967,P
8968,P
8969,DO
8970,P
8971,P
8972,DO
8973,DO
8974,DO
8975,DO
8976,P
8977,DO
8978,DO
8979,DO
8980,P
8981,P
8982,P
8983,P
8984,DO
8985,DO
8986,DO
8987,P
8988,DO
8989,P
8990,DO
8991,DO
8992,DO
8993,DO
8994,P
8995,P
8996,DO
8997,DO
8998,DO
8999,P
9000,P
9001,DO
9002,DO
9003,DO
9004,DO
9005,DO
9006,DO
9007,DO
9008,P
9009,P
9010,DO
9011,P
9012,DO
9013,P
9014,DO
9015,DO
9016,P
9017,P
9018,DO
9019,DO
9020,P
9021,DO
9022,DO
9023,DO
9024,P
9025,DO
9026,DO
9027,DO
9028,DO
9029,DO
9030,DO
9031,P
9032,DO
9033,DO
9034,P
9035,DO
9036,P
9037,DO
9038,DO
9039,DO
9040,DO
9041,DO
9042,P
9043,DO
9044,DO
9045,DO
9046,DO
9047,P
9048,DO
9049,DO
9050,P
9051,P
9052,DO
9053,DO
9054,P
9055,P
9056,DO
9057,P
9058,P
9059,DO
9060,DO
9061,DO
9062,DO
9063,DO
9064,P
9065,P
9066,DO
9067,P
9068,DO
9069,P
9070,P
9071,DO
9072,DO
9073,P
9074,P
9075,DO
9076,P
9077,P
9078,P
9079,P
9080,DO
9081,DO
9082,DO
9083,P
9084,P
9085,P
9086,P
9087,DO
9088,P
9089,DO
9090,DO
9091,P
9092,P
9093,DO
9094,DO
9095,DO
9096,P
9097,P
9098,DO
9099,DO
9100,DO
9101,DO
9102,P
9103,DO
9104,P
9105,P
9106,DO
9107,DO
9108,DO
9109,P
9110,DO
9111,DO
9112,P
9113,P
9114,P
9115,P
9116,P
9117,DO
9118,P
9119,DO
9120,P
9121,P
9122,DO
9123,DO
9124,P
9125,DO
9126,P
9127,P
9128,P
9129,DO
9130,P
9131,DO
9132,DO
9133,P
9134,DO
9135,DO
9136,DO
9137,P
9138,P
9139,P
9140,DO
9141,DO
9142,P
9143,P
9144,P
9145,DO
9146,DO
9147,P
9148,DO
9149,DO
9150,P
9151,DO
9152,P
9153,P
9154,P
9155,P
9156,DO
9157,P
9158,DO
9159,P
9160,P
9161,DO
9162,DO
9163,DO
9164,DO
9165,DO
9166,DO
9167,P
9168,DO
9169,P
9170,DO
9171,P
9172,DO
9173,P
9174,P
9175,DO
9176,P
9177,P
9178,P
9179,P
9180,P
9181,P
9182,P
9183,P
9184,DO
9185,DO
9186,DO
9187,DO
9188,DO
9189,P
9190,P
9191,DO
9192,DO
9193,P
9194,P
9195,P
9196,DO
9197,DO
9198,DO
9199,P
9200,DO
9201,DO
9202,DO
9203,DO
9204,P
9205,DO
9206,P
9207,DO
9208,DO
9209,DO
9210,DO
9211,DO
9212,DO
9213,DO
9214,DO
9215,DO
9216,P
9217,DO
9218,P
9219,P
9220,DO
9221,DO
9222,P
9223,DO
9224,DO
9225,P
9226,DO
9227,P
9228,DO
9229,P
9230,DO
9231,P
9232,DO
9233,DO
9234,DO
9235,DO
9236,DO
9237,P
9238,DO
9239,P
9240,DO
9241,DO
9242,DO
9243,DO
9244,P
9245,DO
9246,P
9247,DO
9248,P
9249,DO
9250,P
9251,DO
9252,P
9253,DO
9254,P
9255,P
9256,DO
9257,DO
9258,P
9259,P
9260,P
9261,P
9262,P
9263,DO
9264,P
9265,P
9266,DO
9267,P
9268,P
9269,DO
9270,DO
9271,P
9272,DO
9273,DO
9274,P
9275,DO
9276,DO
9277,P
9278,DO
9279,DO
9280,DO
9281,P
9282,P
9283,DO
9284,DO
9285,DO
9286,P
9287,P
9288,DO
9289,DO
9290,P
9291,P
9292,P
9293,DO
9294,DO
9295,P
9296,P
9297,P
9298,DO
9299,DO
9300,P
9301,P
9302,P
9303,P
9304,P
9305,DO
9306,DO
9307,P
9308,P
9309,DO
9310,P
9311,DO
9312,P
9313,P
9314,DO
9315,P
9316,DO
9317,P
9318,P
9319,DO
9320,DO
9321,DO
9322,P
9323,DO
9324,P
9325,DO
9326,P
9327,DO
9328,P
9329,DO
9330,DO
9331,DO
9332,P
9333,P
9334,P
9335,DO
9336,P
9337,P
9338,P
9339,DO
9340,P
9341,DO
9342,DO
9343,DO
9344,DO
9345,P
9346,DO
9347,P
9348,P
9349,P
9350,P
9351,P
9352,DO
9353,DO
9354,DO
9355,DO
9356,P
9357,P
9358,P
9359,DO
9360,P
9361,P
9362,P
9363,P
9364,P
9365,P
9366,P
9367,DO
9368,DO
9369,DO
9370,P
9371,DO
9372,DO
9373,DO
9374,P
9375,P
9376,DO
9377,P
9378,DO
9379,P
9380,DO
9381,DO
9382,P
9383,P
9384,DO
9385,DO
9386,DO
9387,P
9388,DO
9389,DO
9390,P
9391,DO
9392,DO
9393,P
9394,P
9395,DO
9396,P
9397,P
9398,DO
9399,DO
9400,DO
9401,P
9402,P
9403,DO
9404,DO
9405,DO
9406,DO
9407,DO
9408,DO
9409,DO
9410,DO
9411,P
9412,DO
9413,DO
9414,DO
9415,DO
9416,DO
9417,DO
9418,P
9419,P
9420,P
9421,P
9422,DO
9423,DO
9424,DO
9425,DO
9426,DO
9427,P
9428,DO
9429,DO
9430,DO
9431,P
9432,DO
9433,DO
9434,P
9435,DO
9436,DO
9437,DO
9438,P
9439,P
9440,DO
9441,DO
9442,DO
9443,DO
9444,DO
9445,P
9446,DO
9447,P
9448,P
9449,DO
9450,DO
9451,DO
9452,P
9453,DO
9454,DO
9455,DO
9456,P
9457,P
9458,DO
9459,DO
9460,DO
9461,DO
9462,DO
9463,DO
9464,DO
9465,P
9466,P
9467,DO
9468,DO
9469,P
9470,P
9471,P
9472,DO
9473,DO
9474,DO
9475,DO
9476,P
9477,DO
9478,DO
9479,DO
9480,P
9481,DO
9482,P
9483,P
9484,DO
9485,DO
9486,P
9487,DO
9488,P
9489,DO
9490,DO
9491,DO
9492,DO
9493,P
9494,DO
9495,DO
9496,DO
9497,P
9498,DO
9499,P
9500,P
9501,P
9502,P
9503,DO
9504,DO
9505,DO
9506,DO
9507,DO
9508,DO
9509,P
9510,P
9511,P
9512,DO
9513,DO
9514,DO
9515,DO
9516,DO
9517,P
9518,P
9519,DO
9520,P
9521,DO
9522,P
9523,DO
9524,P
9525,P
9526,P
9527,DO
9528,DO
9529,DO
9530,P
9531,DO
9532,P
9533,DO
9534,DO
9535,DO
9536,P
9537,P
9538,P
9539,DO
9540,DO
9541,DO
9542,DO
9543,P
9544,DO
9545,DO
9546,P
9547,DO
9548,P
9549,DO
9550,DO
9551,P
9552,DO
9553,P
9554,DO
9555,P
9556,DO
9557,P
9558,P
9559,P
9560,P
9561,DO
9562,P
9563,DO
9564,P
9565,P
9566,DO
9567,DO
9568,DO
9569,P
9570,DO
9571,DO
9572,DO
9573,DO
9574,P
9575,P
9576,P
9577,P
9578,P
9579,P
9580,DO
9581,DO
9582,DO
9583,DO
9584,P
9585,P
9586,P
9587,P
9588,P
9589,P
9590,DO
9591,P
9592,DO
9593,P
9594,P
9595,P
9596,DO
9597,DO
9598,P
9599,DO
9600,P
9601,P
9602,P
9603,DO
9604,DO
9605,DO
9606,DO
9607,DO
9608,DO
9609,DO
9610,P
9611,P
9612,DO
9613,DO
9614,P
9615,DO
9616,P
9617,DO
9618,DO
9619,P
9620,DO
9621,P
9622,DO
9623,DO
9624,P
9625,DO
9626,P
9627,P
9628,DO
9629,DO
9630,P
9631,P
9632,DO
9633,P
9634,DO
9635,DO
9636,P
9637,DO
9638,P
9639,P
9640,P
9641,DO
9642,P
9643,DO
9644,P
9645,P
9646,DO
9647,DO
9648,DO
9649,DO
9650,P
9651,P
9652,P
9653,DO
9654,DO
9655,DO
9656,P
9657,P
9658,P
9659,P
9660,DO
9661,P
9662,P
9663,DO
9664,P
9665,P
9666,P
9667,P
9668,DO
9669,DO
9670,DO
9671,P
9672,DO
9673,P
9674,DO
9675,P
9676,DO
9677,DO
9678,P
9679,DO
9680,DO
9681,P
9682,P
9683,P
9684,DO
9685,P
9686,DO
9687,DO
9688,P
9689,P
9690,DO
9691,P
9692,P
9693,P
9694,P
9695,DO
9696,P
9697,DO
9698,DO
9699,P
9700,P
9701,DO
9702,DO
9703,DO
9704,P
9705,P
9706,DO
9707,DO
9708,DO
9709,DO
9710,DO
9711,DO
9712,P
9713,P
9714,DO
9715,DO
9716,DO
9717,P
9718,P
9719,DO
9720,DO
9721,DO
9722,DO
9723,P
9724,P
9725,P
9726,DO
9727,P
9728,DO
9729,DO
9730,DO
9731,P
9732,DO
9733,DO
9734,DO
9735,P
9736,P
9737,P
9738,DO
9739,DO
9740,DO
9741,P
9742,P
9743,P
9744,DO
9745,P
9746,DO
9747,DO
9748,DO
9749,DO
9750,P
9751,DO
9752,P
9753,DO
9754,DO
9755,P
9756,P
9757,DO
9758,DO
9759,P
9760,DO
9761,DO
9762,DO
9763,DO
9764,DO
9765,P
9766,P
9767,P
9768,DO
9769,P
9770,P
9771,P
9772,DO
9773,DO
9774,P
9775,DO
9776,DO
9777,DO
9778,DO
9779,P
9780,P
9781,P
9782,DO
9783,DO
9784,DO
9785,P
9786,P
9787,P
9788,P
9789,DO
9790,DO
9791,P
9792,P
9793,P
9794,P
9795,DO
9796,P
9797,DO
9798,P
9799,DO
9800,DO
9801,P
9802,P
9803,P
9804,DO
9805,DO
9806,P
9807,DO
9808,DO
9809,DO
9810,P
9811,DO
9812,DO
9813,P
9814,DO
9815,P
9816,P
9817,P
9818,P
9819,P
9820,DO
9821,DO
9822,DO
9823,P
9824,P
9825,DO
9826,P
9827,DO
9828,DO
9829,DO
9830,DO
9831,P
9832,DO
9833,P
9834,P
9835,P
9836,DO
9837,DO
9838,P
9839,P
9840,DO
9841,DO
9842,P
9843,DO
9844,P
9845,DO
9846,P
9847,P
9848,DO
9849,DO
9850,DO
9851,P
9852,DO
9853,DO
9854,DO
9855,DO
9856,DO
9857,DO
9858,DO
9859,DO
9860,DO
9861,P
9862,DO
9863,DO
9864,P
9865,P
9866,DO
9867,DO
9868,P
9869,DO
9870,DO
9871,P
9872,P
9873,P
9874,P
9875,P
9876,DO
9877,DO
9878,P
9879,P
9880,DO
9881,DO
9882,DO
9883,DO
9884,DO
9885,DO
9886,P
9887,P
9888,DO
9889,P
9890,DO
9891,P
9892,P
9893,P
9894,DO
9895,DO
9896,P
9897,DO
9898,DO
9899,P
9900,P
9901,P
9902,P
9903,P
9904,P
9905,DO
9906,DO
9907,DO
9908,P
9909,P
9910,P
9911,DO
9912,DO
9913,DO
9914,P
9915,P
9916,P
9917,DO
9918,P
9919,P
9920,DO
9921,DO
9922,P
9923,DO
9924,DO
9925,DO
9926,DO
9927,P
9928,P
9929,P
9930,DO
9931,DO
9932,DO
9933,P
9934,P
9935,DO
9936,P
9937,P
9938,DO
9939,P
9940,P
9941,DO
9942,DO
9943,DO
9944,P
9945,DO
9946,DO
9947,DO
9948,P
9949,P
9950,DO
9951,DO
9952,DO
9953,DO
9954,DO
9955,DO
9956,P
9957,DO
9958,DO
9959,P
9960,P
9961,DO
9962,P
9963,P
9964,P
9965,P
9966,DO
9967,P
9968,DO
9969,P
9970,P
9971,P
9972,DO
9973,DO
9974,DO
9975,P
9976,P
9977,P
9978,P
9979,DO
9980,P
9981,P
9982,DO
9983,DO
9984,P
9985,DO
9986,DO
9987,DO
9988,DO
9989,DO
9990,P
9991,P
9992,P
9993,P
9994,DO
9995,P
9996,DO
9997,P
9998,DO
9999,DO
10000,DO
